use exercise_football;

-- INSERT OPERATIONS

insert into people
(id, first_name, last_name, birth_date)
values
(1, "Person1", "Last1", '1998-08-12'),
(2, "Person2", "Last2", '1998-08-12'),
(3, "Person3", "Last3", '1998-08-12'),
(4, "Person4", "Last4", '1998-08-12'),
(5, "Person5", "Last5", '1998-08-12'),
(6, "Person6", "Last6", '1998-08-12'),
(7, "Person7", "Last7", '1998-08-12'),
(8, "Person8", "Last8", '1998-08-12'),
(9, "Person9", "Last9", '1998-08-12'),
(10, "Person10", "Last10", '1998-08-12'),
(11, "Person11", "Last11", '1998-08-12'),
(12, "Person12", "Last12", '1998-08-12'),
(13, "Person13", "Last13", '1998-08-12'),
(14, "Person14", "Last14", '1998-08-12'),
(15, "Person15", "Last15", '1998-08-12'),
(16, "Person16", "Last16", '1998-08-12'),
(17, "Person17", "Last17", '1998-08-12'),
(18, "Person18", "Last18", '1998-08-12'),
(19, "Person19", "Last19", '1998-08-12'),
(20, "Person20", "Last20", '1998-08-12'),
(21, "Person21", "Last21", '1998-08-12'),
(22, "Person22", "Last22", '1998-08-12'),
(23, "Person23", "Last23", '1998-08-12'),
(24, "Person24", "Last24", '1998-08-12'),
(25, "Person25", "Last25", '1998-08-12'),
(26, "Person26", "Last26", '1998-08-12'),
(27, "Person27", "Last27", '1998-08-12'),
(28, "Person28", "Last28", '1998-08-12'),
(29, "Person29", "Last29", '1998-08-12'),
(30, "Person30", "Last30", '1998-08-12'),
(31, "Person31", "Last31", '1998-08-12'),
(32, "Person32", "Last32", '1998-08-12'),
(33, "Person33", "Last33", '1998-08-12'),
(34, "Person34", "Last34", '1998-08-12'),
(35, "Person35", "Last35", '1998-08-12'),
(36, "Person36", "Last36", '1998-08-12'),
(37, "Person37", "Last37", '1998-08-12'),
(38, "Person38", "Last38", '1998-08-12'),
(39, "Person39", "Last39", '1998-08-12'),
(40, "Person40", "Last40", '1998-08-12'),
(41, "Person41", "Last41", '1998-08-12'),
(42, "Person42", "Last42", '1998-08-12'),
(43, "Person43", "Last43", '1998-08-12'),
(44, "Person44", "Last44", '1998-08-12'),
(45, "Person45", "Last45", '1998-08-12'),
(46, "Person46", "Last46", '1998-08-12'),
(47, "Person47", "Last47", '1998-08-12'),
(48, "Person48", "Last48", '1998-08-12'),
(49, "Person49", "Last49", '1998-08-12'),
(50, "Person50", "Last50", '1998-08-12'),
(51, "Person51", "Last51", '1998-08-12'),
(52, "Person52", "Last52", '1998-08-12'),
(53, "Person53", "Last53", '1998-08-12'),
(54, "Person54", "Last54", '1998-08-12'),
(55, "Person55", "Last55", '1998-08-12'),
(56, "Person56", "Last56", '1998-08-12'),
(57, "Person57", "Last57", '1998-08-12'),
(58, "Person58", "Last58", '1998-08-12'),
(59, "Person59", "Last59", '1998-08-12'),
(60, "Person60", "Last60", '1998-08-12'),
(61, "Person61", "Last61", '1998-08-12'),
(62, "Person62", "Last62", '1998-08-12'),
(63, "Person63", "Last63", '1998-08-12'),
(64, "Person64", "Last64", '1998-08-12'),
(65, "Person65", "Last65", '1998-08-12'),
(66, "Person66", "Last66", '1998-08-12'),
(67, "Person67", "Last67", '1998-08-12'),
(68, "Person68", "Last68", '1998-08-12'),
(69, "Person69", "Last69", '1998-08-12'),
(70, "Person70", "Last70", '1998-08-12'),
(71, "Person71", "Last71", '1998-08-12'),
(72, "Person72", "Last72", '1998-08-12'),
(73, "Person73", "Last73", '1998-08-12'),
(74, "Person74", "Last74", '1998-08-12'),
(75, "Person75", "Last75", '1998-08-12'),
(76, "Person76", "Last76", '1998-08-12'),
(77, "Person77", "Last77", '1998-08-12'),
(78, "Person78", "Last78", '1998-08-12'),
(79, "Person79", "Last79", '1998-08-12'),
(80, "Person80", "Last80", '1998-08-12'),
(81, "Person81", "Last81", '1998-08-12'),
(82, "Person82", "Last82", '1998-08-12'),
(83, "Person83", "Last83", '1998-08-12'),
(84, "Person84", "Last84", '1998-08-12'),
(85, "Person85", "Last85", '1998-08-12'),
(86, "Person86", "Last86", '1998-08-12'),
(87, "Person87", "Last87", '1998-08-12'),
(88, "Person88", "Last88", '1998-08-12'),
(89, "Person89", "Last89", '1998-08-12'),
(90, "Person90", "Last90", '1998-08-12'),
(91, "Person91", "Last91", '1998-08-12'),
(92, "Person92", "Last92", '1998-08-12'),
(93, "Person93", "Last93", '1998-08-12'),
(94, "Person94", "Last94", '1998-08-12'),
(95, "Person95", "Last95", '1998-08-12'),
(96, "Person96", "Last96", '1998-08-12'),
(97, "Person97", "Last97", '1998-08-12'),
(98, "Person98", "Last98", '1998-08-12'),
(99, "Person99", "Last99", '1998-08-12'),
(100, "Person100", "Last100", '1998-08-12'),
(101, "Person101", "Last101", '1998-08-12'),
(102, "Person102", "Last102", '1998-08-12'),
(103, "Person103", "Last103", '1998-08-12'),
(104, "Person104", "Last104", '1998-08-12'),
(105, "Person105", "Last105", '1998-08-12'),
(106, "Person106", "Last106", '1998-08-12'),
(107, "Person107", "Last107", '1998-08-12'),
(108, "Person108", "Last108", '1998-08-12'),
(109, "Person109", "Last109", '1998-08-12'),
(110, "Person110", "Last110", '1998-08-12'),
(111, "Person111", "Last111", '1998-08-12'),
(112, "Person112", "Last112", '1998-08-12'),
(113, "Person113", "Last113", '1998-08-12'),
(114, "Person114", "Last114", '1998-08-12'),
(115, "Person115", "Last115", '1998-08-12'),
(116, "Person116", "Last116", '1998-08-12'),
(117, "Person117", "Last117", '1998-08-12'),
(118, "Person118", "Last118", '1998-08-12'),
(119, "Person119", "Last119", '1998-08-12'),
(120, "Person120", "Last120", '1998-08-12'),
(121, "Person121", "Last121", '1998-08-12'),
(122, "Person122", "Last122", '1998-08-12'),
(123, "Person123", "Last123", '1998-08-12'),
(124, "Person124", "Last124", '1998-08-12'),
(125, "Person125", "Last125", '1998-08-12'),
(126, "Person126", "Last126", '1998-08-12'),
(127, "Person127", "Last127", '1998-08-12'),
(128, "Person128", "Last128", '1998-08-12'),
(129, "Person129", "Last129", '1998-08-12'),
(130, "Person130", "Last130", '1998-08-12'),
(131, "Person131", "Last131", '1998-08-12'),
(132, "Person132", "Last132", '1998-08-12'),
(133, "Person133", "Last133", '1998-08-12'),
(134, "Person134", "Last134", '1998-08-12'),
(135, "Person135", "Last135", '1998-08-12'),
(136, "Person136", "Last136", '1998-08-12'),
(137, "Person137", "Last137", '1998-08-12'),
(138, "Person138", "Last138", '1998-08-12'),
(139, "Person139", "Last139", '1998-08-12'),
(140, "Person140", "Last140", '1998-08-12'),
(141, "Person141", "Last141", '1998-08-12'),
(142, "Person142", "Last142", '1998-08-12'),
(143, "Person143", "Last143", '1998-08-12'),
(144, "Person144", "Last144", '1998-08-12'),
(145, "Person145", "Last145", '1998-08-12'),
(146, "Person146", "Last146", '1998-08-12'),
(147, "Person147", "Last147", '1998-08-12'),
(148, "Person148", "Last148", '1998-08-12'),
(149, "Person149", "Last149", '1998-08-12'),
(150, "Person150", "Last150", '1998-08-12'),
(151, "Person151", "Last151", '1998-08-12'),
(152, "Person152", "Last152", '1998-08-12'),
(153, "Person153", "Last153", '1998-08-12'),
(154, "Person154", "Last154", '1998-08-12'),
(155, "Person155", "Last155", '1998-08-12'),
(156, "Person156", "Last156", '1998-08-12'),
(157, "Person157", "Last157", '1998-08-12'),
(158, "Person158", "Last158", '1998-08-12'),
(159, "Person159", "Last159", '1998-08-12'),
(160, "Person160", "Last160", '1998-08-12'),
(161, "Person161", "Last161", '1998-08-12'),
(162, "Person162", "Last162", '1998-08-12'),
(163, "Person163", "Last163", '1998-08-12'),
(164, "Person164", "Last164", '1998-08-12'),
(165, "Person165", "Last165", '1998-08-12'),
(166, "Person166", "Last166", '1998-08-12'),
(167, "Person167", "Last167", '1998-08-12'),
(168, "Person168", "Last168", '1998-08-12'),
(169, "Person169", "Last169", '1998-08-12'),
(170, "Person170", "Last170", '1998-08-12'),
(171, "Person171", "Last171", '1998-08-12'),
(172, "Person172", "Last172", '1998-08-12'),
(173, "Person173", "Last173", '1998-08-12'),
(174, "Person174", "Last174", '1998-08-12'),
(175, "Person175", "Last175", '1998-08-12'),
(176, "Person176", "Last176", '1998-08-12'),
(177, "Person177", "Last177", '1998-08-12'),
(178, "Person178", "Last178", '1998-08-12'),
(179, "Person179", "Last179", '1998-08-12'),
(180, "Person180", "Last180", '1998-08-12'),
(181, "Person181", "Last181", '1998-08-12'),
(182, "Person182", "Last182", '1998-08-12'),
(183, "Person183", "Last183", '1998-08-12'),
(184, "Person184", "Last184", '1998-08-12'),
(185, "Person185", "Last185", '1998-08-12'),
(186, "Person186", "Last186", '1998-08-12'),
(187, "Person187", "Last187", '1998-08-12'),
(188, "Person188", "Last188", '1998-08-12'),
(189, "Person189", "Last189", '1998-08-12'),
(190, "Person190", "Last190", '1998-08-12'),
(191, "Person191", "Last191", '1998-08-12'),
(192, "Person192", "Last192", '1998-08-12'),
(193, "Person193", "Last193", '1998-08-12'),
(194, "Person194", "Last194", '1998-08-12'),
(195, "Person195", "Last195", '1998-08-12'),
(196, "Person196", "Last196", '1998-08-12'),
(197, "Person197", "Last197", '1998-08-12'),
(198, "Person198", "Last198", '1998-08-12'),
(199, "Person199", "Last199", '1998-08-12'),
(200, "Person200", "Last200", '1998-08-12'),
(201, "Person201", "Last201", '1998-08-12'),
(202, "Person202", "Last202", '1998-08-12'),
(203, "Person203", "Last203", '1998-08-12'),
(204, "Person204", "Last204", '1998-08-12'),
(205, "Person205", "Last205", '1998-08-12'),
(206, "Person206", "Last206", '1998-08-12');


insert into positions
(id, name)
values
(1, "Goalkeeper"),
(2, "Defender"),
(3, "Attacker");


insert into countries
(id, name)
values
(1, "Poland");

insert into cities
(id, name, country_id)
values
(1, "Warsaw", 1),
(2, "Cracow", 1),
(3, "Opole", 1),
(4, "Olsztyn", 1),
(5, "Radom", 1);

insert into clubs
(id, name, home_city_id, creation_date, closure_date)
values
(1, "Warsaw club", 1, '2002-01-23', null),
(2, "Cracow club", 2, '2002-02-23', null),
(3, "Opole club", 3, '2002-03-23', null),
(4, "Olsztyn club", 4, '2002-04-23', null),
(5, "Radom club", 5, '2002-05-23', null);

insert into teams
(id, name, club_id, creation_date, closure_date, league_id, league_position)
values
(1, "Radom club major", 5, '2002-01-23', null, null, null),
(2, "Radom club minor", 5, '2002-01-23', null, null, null),
(3, "Cracow club major", 2, '2002-01-23', null, null, null),
(4, "Cracow club minor", 2, '2002-01-23', null, null, null),
(5, "Opole club major", 3, '2002-01-23', null, null, null),
(6, "Opole club minor", 3, '2002-01-23', null, null, null),
(7, "Olsztyn club major", 4, '2002-01-23', null, null, null),
(8, "Olsztyn club minor", 4, '2002-01-23', null, null, null),
(9, "Warsaw club major", 5, '2002-01-23', null, null, null),
(10, "Warsaw club minor", 5, '2002-01-23', null, null, null);




insert into players
(id, person_id, preffered_position_id, team_id)
values
(1, 1, 1, 1),
(2, 2, 2, 1),
(3, 3, 2, 1),
(4, 4, 2, 1),
(5, 5, 2, 1),
(6, 6, 2, 1),
(7, 7, 3, 1),
(8, 8, 3, 1),
(9, 9, 3, 1),
(10, 10, 3, 1),
(11, 11, 3, 1),
(12, 12, 1, 2),
(13, 13, 2, 2),
(14, 14, 2, 2),
(15, 15, 2, 2),
(16, 16, 2, 2),
(17, 17, 2, 2),
(18, 18, 3, 2),
(19, 19, 3, 2),
(20, 20, 3, 2),
(21, 21, 3, 2),
(22, 22, 3, 2),
(23, 23, 1, 3),
(24, 24, 2, 3),
(25, 25, 2, 3),
(26, 26, 2, 3),
(27, 27, 2, 3),
(28, 28, 2, 3),
(29, 29, 3, 3),
(30, 30, 3, 3),
(31, 31, 3, 3),
(32, 32, 3, 3),
(33, 33, 3, 3),
(34, 34, 1, 4),
(35, 35, 2, 4),
(36, 36, 2, 4),
(37, 37, 2, 4),
(38, 38, 2, 4),
(39, 39, 2, 4),
(40, 40, 3, 4),
(41, 41, 3, 4),
(42, 42, 3, 4),
(43, 43, 3, 4),
(44, 44, 3, 4);


insert into games
(id, name, stadium_id, time, duration, first_half_duration)
values
(1, "Game 1", null, '2015-01-01 16:00', '1:30', '0:45'),
(2, "Game 2", null, '2015-02-01 16:00', '1:30', '0:45'),
(3, "Game 3", null, '2015-03-01 16:00', '1:30', '0:45'),
(4, "Game 4", null, '2015-04-01 16:00', '1:30', '0:45');



insert into players_performances
(id, player_id, position_id, game_id, team_id, defensive_performance, offensive_performance, cooperative_performance, performance_start, performance_end)
values
(1, 1, 1, 1, 1, 0.47, 0.20, 0.91, '00:00', '1:30'),
(2, 2, 2, 1, 1, 0.31, 0.54, 0.94, '00:00', '1:30'),
(3, 3, 2, 1, 1, 0.50, 0.50, 0.93, '00:00', '1:30'),
(4, 4, 2, 1, 1, 0.90, 0.33, 0.58, '00:00', '1:30'),
(5, 5, 2, 1, 1, 0.77, 0.45, 0.25, '00:00', '1:30'),
(6, 6, 2, 1, 1, 0.95, 0.04, 0.17, '00:00', '1:30'),
(7, 7, 3, 1, 1, 0.24, 0.73, 0.04, '00:00', '1:30'),
(8, 8, 3, 1, 1, 0.03, 0.56, 0.26, '00:00', '1:30'),
(9, 9, 3, 1, 1, 0.83, 0.38, 0.73, '00:00', '1:30'),
(10, 10, 3, 1, 1, 0.86, 0.12, 0.51, '00:00', '1:30'),
(11, 11, 3, 1, 1, 0.29, 0.24, 0.56, '00:00', '1:30'),

(12, 12, 1, 1, 2, 0.13, 0.97, 0.08, '00:00', '1:30'),
(13, 13, 2, 1, 2, 0.11, 0.06, 0.49, '00:00', '1:30'),
(14, 14, 2, 1, 2, 0.88, 0.05, 0.96, '00:00', '1:30'),
(15, 15, 2, 1, 2, 0.58, 0.99, 0.41, '00:00', '1:30'),
(16, 16, 2, 1, 2, 0.83, 0.13, 0.27, '00:00', '1:30'),
(17, 17, 2, 1, 2, 0.82, 0.39, 0.70, '00:00', '1:30'),
(18, 18, 3, 1, 2, 0.14, 0.28, 0.86, '00:00', '1:30'),
(19, 19, 3, 1, 2, 0.32, 0.22, 0.64, '00:00', '1:30'),
(20, 20, 3, 1, 2, 0.77, 0.33, 0.45, '00:00', '1:30'),
(21, 21, 3, 1, 2, 0.82, 0.44, 0.01, '00:00', '1:30'),
(22, 22, 3, 1, 2, 0.04, 0.84, 0.37, '00:00', '1:30'),


(23, 12, 1, 2, 2, 0.99, 0.78, 0.04, '00:00', '1:30'),
(24, 13, 2, 2, 2, 0.41, 0.82, 0.76, '00:00', '1:30'),
(25, 14, 2, 2, 2, 0.35, 0.85, 0.02, '00:00', '1:30'),
(26, 15, 2, 2, 2, 0.89, 0.74, 0.69, '00:00', '1:30'),
(27, 16, 2, 2, 2, 0.93, 0.60, 0.74, '00:00', '1:30'),
(28, 17, 2, 2, 2, 0.95, 0.52, 0.66, '00:00', '1:30'),
(29, 18, 3, 2, 2, 0.68, 0.84, 0.23, '00:00', '1:30'),
(30, 19, 3, 2, 2, 0.51, 0.28, 0.60, '00:00', '1:30'),
(31, 20, 3, 2, 2, 0.09, 0.33, 0.01, '00:00', '1:30'),
(32, 21, 3, 2, 2, 0.08, 0.06, 0.28, '00:00', '1:30'),
(33, 22, 3, 2, 2, 0.61, 0.73, 0.96, '00:00', '1:30'),

(34, 23, 1, 2, 3, 0.51, 0.08, 0.43, '00:00', '1:30'),
(35, 24, 2, 2, 3, 0.34, 0.21, 0.65, '00:00', '1:30'),
(36, 25, 2, 2, 3, 0.74, 0.62, 0.61, '00:00', '1:30'),
(37, 26, 2, 2, 3, 0.17, 0.47, 0.99, '00:00', '1:30'),
(38, 27, 2, 2, 3, 0.12, 0.48, 0.72, '00:00', '1:30'),
(39, 28, 2, 2, 3, 0.36, 0.49, 0.42, '00:00', '1:30'),
(40, 29, 3, 2, 3, 0.92, 0.98, 0.56, '00:00', '1:30'),
(41, 30, 3, 2, 3, 0.75, 0.26, 0.81, '00:00', '1:30'),
(42, 31, 3, 2, 3, 0.53, 0.32, 0.38, '00:00', '1:30'),
(43, 32, 3, 2, 3, 0.41, 0.13, 0.20, '00:00', '1:30'),
(44, 33, 3, 2, 3, 0.28, 0.26, 0.13, '00:00', '1:30'),


(45, 23, 1, 3, 3, 0.51, 0.45, 0.61, '00:00', '1:30'),
(46, 24, 2, 3, 3, 0.61, 0.47, 0.79, '00:00', '1:30'),
(47, 25, 2, 3, 3, 0.30, 0.18, 0.42, '00:00', '1:30'),
(48, 26, 2, 3, 3, 0.30, 0.53, 0.72, '00:00', '1:30'),
(49, 27, 2, 3, 3, 0.85, 0.82, 0.51, '00:00', '1:30'),
(50, 28, 2, 3, 3, 0.48, 0.75, 0.67, '00:00', '1:30'),
(51, 29, 3, 3, 3, 0.87, 0.48, 0.52, '00:00', '1:30'),
(52, 30, 3, 3, 3, 0.68, 0.24, 0.95, '00:00', '1:30'),
(53, 31, 3, 3, 3, 0.91, 0.89, 0.60, '00:00', '1:30'),
(54, 32, 3, 3, 3, 0.03, 0.27, 0.83, '00:00', '1:30'),
(55, 33, 3, 3, 3, 0.31, 0.98, 0.05, '00:00', '1:30'),

(56, 34, 1, 3, 4, 0.69, 0.58, 0.76, '00:00', '1:30'),
(57, 35, 2, 3, 4, 0.87, 0.53, 0.98, '00:00', '1:30'),
(58, 36, 2, 3, 4, 0.94, 0.17, 0.31, '00:00', '1:30'),
(59, 37, 2, 3, 4, 0.68, 0.27, 0.73, '00:00', '1:30'),
(60, 38, 2, 3, 4, 0.13, 0.28, 0.36, '00:00', '1:30'),
(61, 39, 2, 3, 4, 0.47, 0.52, 0.52, '00:00', '1:30'),
(62, 40, 3, 3, 4, 0.17, 0.00, 0.43, '00:00', '1:30'),
(63, 41, 3, 3, 4, 0.81, 0.52, 0.39, '00:00', '1:30'),
(64, 42, 3, 3, 4, 0.91, 0.03, 0.71, '00:00', '1:30'),
(65, 43, 3, 3, 4, 0.91, 0.76, 0.20, '00:00', '1:30'),
(66, 44, 3, 3, 4, 0.47, 0.12, 0.21, '00:00', '1:30'),


(67, 34, 1, 4, 4, 0.03, 0.57, 0.08, '00:00', '1:30'),
(68, 35, 2, 4, 4, 0.37, 0.19, 0.38, '00:00', '1:30'),
(69, 36, 2, 4, 4, 0.19, 0.34, 0.95, '00:00', '1:30'),
(70, 37, 2, 4, 4, 0.35, 0.67, 0.81, '00:00', '1:30'),
(71, 38, 2, 4, 4, 0.14, 0.38, 0.49, '00:00', '1:30'),
(72, 39, 2, 4, 4, 0.68, 0.99, 0.56, '00:00', '1:30'),
(73, 40, 3, 4, 4, 0.92, 0.54, 0.78, '00:00', '1:30'),
(74, 41, 3, 4, 4, 0.58, 0.56, 0.36, '00:00', '1:30'),
(75, 42, 3, 4, 4, 0.72, 0.29, 0.45, '00:00', '1:30'),
(76, 43, 3, 4, 4, 0.60, 0.75, 0.79, '00:00', '1:30'),
(77, 44, 3, 4, 4, 0.11, 0.34, 0.31, '00:00', '1:30'),

(78, 1, 1, 4, 1, 0.38, 0.46, 0.46, '00:00', '1:30'),
(79, 2, 2, 4, 1, 0.22, 0.09, 0.02, '00:00', '1:30'),
(80, 3, 2, 4, 1, 0.83, 0.17, 0.44, '00:00', '1:30'),
(81, 4, 2, 4, 1, 0.51, 0.26, 0.74, '00:00', '1:30'),
(82, 5, 2, 4, 1, 0.81, 0.35, 0.66, '00:00', '1:30'),
(83, 6, 2, 4, 1, 0.98, 0.61, 0.31, '00:00', '1:30'),
(84, 7, 3, 4, 1, 0.60, 0.72, 0.33, '00:00', '1:30'),
(85, 8, 3, 4, 1, 0.10, 0.69, 0.25, '00:00', '1:30'),
(86, 9, 3, 4, 1, 0.70, 0.91, 0.72, '00:00', '1:30'),
(87, 10, 3, 4, 1, 0.15, 0.10, 0.31, '00:00', '1:30'),
(88, 11, 3, 4, 1, 0.11, 0.18, 0.23, '00:00', '1:30');


insert into shoot_outcomes
(id, name)
values
(1, "Goal"),
(2, "Missed"),
(3, "Defended");

insert into penalty_shots
(id, goalkeeper_performance_id, shooter_performance_id, outcome_id, game_time)
values
(1, 1, 20, 1, '0:12'),
(2, 12, 30, 1, '0:22'),
(3, 23, 40, 1, '0:42'),
(4, 1, 20, 2, '0:14'),
(5, 12, 30, 2, '0:16'),
(6, 23, 40, 2, '0:19'),
(7, 1, 20, 3, '0:17'),
(8, 12, 30, 3, '0:21'),
(9, 23, 40, 3, '0:20'),
(10, 23, 40, 3, '0:34');


insert into goal_attempts
(id, defender_performance_id, attacker_performance_id, outcome_id, game_time)
values
(1, 2, 20, 1, '0:22'),
(2, 13, 30, 1, '0:12'),
(3, 24, 40, 1, '0:32'),
(4, 2, 20, 2, '0:24'),
(5, 13, 30, 2, '0:36'),
(6, 24, 40, 2, '0:29'),
(7, 2, 20, 3, '0:37'),
(8, 13, 30, 3, '0:11'),
(9, 24, 40, 3, '0:10'),
(10, 24, 40, 3, '0:24');
